StockID,Symbol,Price,Volume,MarketCap,Sector
1,HEALTH001,472.70,596119,3524779562.69,HEALTH
2,CONS002,1962.81,137816,2191057069.26,CONS
3,ENERGY003,113.52,342991,660789213.55,ENERGY
4,FIN004,614.89,375712,400658915.80,FIN
5,FIN005,322.21,254941,2945626614.32,FIN
6,MAT006,2277.76,909746,6522473242.81,MAT
7,FIN007,2443.36,228919,22679443301.82,FIN
8,INDUS008,1301.15,41465,10622283986.92,INDUS
9,CONS009,5.20,973127,16971395.93,CONS
10,UTIL010,1100.99,317825,10444627886.57,UTIL
11,CONS011,1174.09,52183,6972414234.01,CONS
12,ENERGY012,554.47,147020,1426021281.14,ENERGY
13,UTIL013,687.04,466465,1809360967.69,UTIL
14,FIN014,617.63,586009,157033789.87,FIN
15,ENERGY015,2316.48,642553,7012307801.74,ENERGY
16,MAT016,530.59,520232,4199683497.14,MAT
17,HEALTH017,1934.10,276174,7780196632.75,HEALTH
18,ENERGY018,2135.28,707884,8853036695.49,ENERGY
19,CONS019,1338.91,273724,253238089.20,CONS
20,TECH020,1940.91,610246,3790415871.12,TECH
21,TELE021,2449.80,272861,4089453203.41,TELE
22,FIN022,2328.23,664914,13375662340.08,FIN
23,HEALTH023,204.81,273290,1531081022.50,HEALTH
24,CONS024,518.78,721092,3191639423.52,CONS
25,TELE025,554.98,643937,3202762465.60,TELE
26,ENERGY026,1240.20,962199,3677611868.52,ENERGY
27,MAT027,1794.04,604112,788791813.32,MAT
28,MAT028,11.64,324368,59436781.01,MAT
29,INDUS029,426.53,453583,3370032139.46,INDUS
30,CONS030,75.44,142777,59245530.19,CONS
31,MAT031,963.51,338057,3694932538.94,MAT
32,ENERGY032,761.85,563820,3245689379.35,ENERGY
33,CONS033,2459.41,400767,4674880055.49,CONS
34,CONS034,2357.13,102850,15382451596.82,CONS
35,FIN035,1529.18,950300,2343331010.38,FIN
36,HEALTH036,2130.57,426857,11971428874.32,HEALTH
37,CONS037,782.78,385627,5457816287.13,CONS
38,CONS038,1479.58,786689,13434438710.43,CONS
39,TECH039,1901.08,310004,12757901844.52,TECH
40,TECH040,536.96,473730,4587375768.18,TECH
41,HEALTH041,503.10,515159,2046828021.85,HEALTH
42,TELE042,459.42,384766,3473231079.30,TELE
43,HEALTH043,2225.06,739682,12806557519.21,HEALTH
44,FIN044,328.00,140613,3250709087.09,FIN
45,FIN045,321.74,84316,1440481075.67,FIN
46,UTIL046,1883.72,332108,2461052582.44,UTIL
47,FIN047,389.48,451607,3045057853.59,FIN
48,INDUS048,1676.48,577868,16087934951.98,INDUS
49,TELE049,2435.94,400488,17317856852.14,TELE
50,TELE050,763.31,216510,3621403874.67,TELE
51,FIN051,1150.49,928045,11171277734.32,FIN
52,TECH052,247.49,450418,925448414.27,TECH
53,TECH053,1878.87,478660,12729979141.17,TECH
54,FIN054,488.47,747108,3917952460.65,FIN
55,MAT055,2384.74,352602,11191265592.33,MAT
56,INDUS056,2321.81,438190,13829907049.31,INDUS
57,HEALTH057,1888.20,368063,1505431517.37,HEALTH
58,INDUS058,294.13,182674,2940951183.20,INDUS
59,TELE059,2331.81,253612,5370428771.62,TELE
60,TELE060,1075.59,649776,1513221637.88,TELE
61,HEALTH061,1895.04,532264,5106433745.62,HEALTH
62,MAT062,213.94,621718,631336231.44,MAT
63,ENERGY063,1108.85,388636,950386157.77,ENERGY
64,CONS064,1546.23,910964,9126888279.02,CONS
65,TELE065,248.25,52618,1462505186.58,TELE
66,UTIL066,577.89,778572,4734044116.08,UTIL
67,UTIL067,2383.26,725425,16264859855.74,UTIL
68,HEALTH068,1046.77,648535,1237625716.34,HEALTH
69,CONS069,1695.23,234608,9982053957.01,CONS
70,FIN070,1293.60,40199,10931845084.91,FIN
71,ENERGY071,1816.88,585142,2129007078.09,ENERGY
72,TELE072,2087.73,840885,6052605298.38,TELE
73,FIN073,312.20,832345,2968814557.96,FIN
74,TECH074,2126.17,600693,2288261099.76,TECH
75,ENERGY075,765.72,679303,4956312364.23,ENERGY
76,UTIL076,1651.94,170371,3930988562.63,UTIL
77,TELE077,297.65,997926,2755546380.17,TELE
78,INDUS078,1229.62,834559,9860086852.85,INDUS
79,FIN079,2163.47,665301,13206111805.87,FIN
80,ENERGY080,1706.36,42112,1833402146.85,ENERGY
81,TELE081,2249.62,164119,22110067454.51,TELE
82,FIN082,128.22,941228,1089715386.08,FIN
83,FIN083,2396.08,50129,20052127273.36,FIN
84,INDUS084,1160.00,9403,11275401320.26,INDUS
85,UTIL085,983.47,252908,6334302063.48,UTIL
86,HEALTH086,2333.60,768705,20852135585.39,HEALTH
87,TECH087,1574.45,659205,9449717359.12,TECH
88,HEALTH088,1070.35,543873,1379120696.57,HEALTH
89,INDUS089,1213.77,953776,7001578436.26,INDUS
90,TELE090,1516.64,674511,5631017613.19,TELE
91,FIN091,1505.63,383303,9680696863.03,FIN
92,TELE092,100.18,480974,845505620.00,TELE
93,TELE093,2205.88,308016,11485999323.55,TELE
94,HEALTH094,2358.93,776353,18790549747.71,HEALTH
95,ENERGY095,1341.04,722832,12223986919.48,ENERGY
96,INDUS096,2074.88,141700,17122322453.57,INDUS
97,CONS097,254.08,167826,2513426525.70,CONS
98,ENERGY098,2069.19,813543,18716369688.76,ENERGY
99,INDUS099,1298.03,459794,5491094600.15,INDUS
100,UTIL100,1737.17,61444,2786309278.40,UTIL
101,MAT101,1915.67,83569,6669620506.26,MAT
102,TELE102,1674.12,251156,7495691847.69,TELE
103,TECH103,1170.46,941895,2766962071.34,TECH
104,TELE104,780.57,373008,2576843763.58,TELE
105,INDUS105,790.11,446773,2779610851.15,INDUS
106,TELE106,342.98,536160,2137527447.01,TELE
107,CONS107,2250.44,123860,3873526369.70,CONS
108,FIN108,1557.54,727586,2829107102.87,FIN
109,CONS109,974.03,307577,7773009228.53,CONS
110,HEALTH110,2429.76,765258,17200415497.47,HEALTH
111,CONS111,540.59,35077,4368719503.91,CONS
112,TECH112,1411.79,282005,6865389631.76,TECH
113,HEALTH113,410.12,909749,3832490719.60,HEALTH
114,ENERGY114,1473.99,856326,1181971108.95,ENERGY
115,FIN115,1995.89,753691,15233279844.84,FIN
116,ENERGY116,1413.82,876406,7139146257.89,ENERGY
117,TELE117,701.16,657690,5586253107.90,TELE
118,CONS118,835.74,518543,4006632856.07,CONS
119,INDUS119,1864.72,325753,9852863747.48,INDUS
120,ENERGY120,2256.76,780918,11461648859.73,ENERGY
121,HEALTH121,2088.63,777149,12363474225.13,HEALTH
122,TELE122,2364.81,537025,6053487755.34,TELE
123,MAT123,2400.39,625228,13261846677.48,MAT
124,TELE124,1552.39,635142,11199996853.67,TELE
125,TECH125,1872.63,179635,2771812660.41,TECH
126,TELE126,654.77,63045,2964166097.37,TELE
127,FIN127,2143.84,721234,16262245831.56,FIN
128,UTIL128,322.62,145295,1925828003.74,UTIL
129,UTIL129,2410.83,672259,3716508197.83,UTIL
130,CONS130,826.13,983009,4359418375.62,CONS
131,TECH131,1829.46,723466,1019701187.92,TECH
132,ENERGY132,1712.69,551021,14979919622.23,ENERGY
133,ENERGY133,178.02,929258,233981025.48,ENERGY
134,FIN134,2037.89,932347,6340996328.97,FIN
135,FIN135,369.06,888993,1380316922.65,FIN
136,HEALTH136,2374.23,288007,283603936.28,HEALTH
137,UTIL137,1302.70,863712,1432290777.95,UTIL
138,FIN138,103.10,28450,364954493.36,FIN
139,MAT139,111.94,481726,1066744837.79,MAT
140,INDUS140,1388.63,362789,7716714513.39,INDUS
141,ENERGY141,1169.26,614785,5548092262.27,ENERGY
142,UTIL142,1863.27,187633,16627938396.99,UTIL
143,MAT143,2210.60,542908,12544069732.54,MAT
144,UTIL144,154.71,546991,1062040361.24,UTIL
145,MAT145,118.93,425214,19298380.92,MAT
146,HEALTH146,1476.63,860185,11454534353.57,HEALTH
147,TELE147,671.88,69934,2845430074.15,TELE
148,TELE148,1342.71,179189,5473440271.55,TELE
149,HEALTH149,1338.54,969034,427365149.17,HEALTH
150,UTIL150,350.03,29841,191543601.61,UTIL
151,CONS151,1232.21,806856,7446764841.19,CONS
152,TECH152,1880.18,94728,9617198535.80,TECH
153,CONS153,691.33,763690,5975707585.00,CONS
154,TELE154,1461.00,449396,12003071330.88,TELE
155,FIN155,929.88,361808,4621294623.75,FIN
156,MAT156,1204.99,354805,1975263617.07,MAT
157,MAT157,578.15,231269,2377443205.87,MAT
158,ENERGY158,1090.40,852399,627591426.99,ENERGY
159,CONS159,1910.50,33364,15140612722.82,CONS
160,INDUS160,1538.60,169673,3253889391.29,INDUS
161,TECH161,458.38,833825,3645899377.31,TECH
162,TELE162,1594.04,9525,8052120363.03,TELE
163,CONS163,905.43,728686,5940067281.35,CONS
164,MAT164,1392.64,176765,1102824023.03,MAT
165,FIN165,736.66,760230,118247431.23,FIN
166,FIN166,309.93,333929,1213168473.79,FIN
167,CONS167,2263.67,141994,5872733090.66,CONS
168,TELE168,525.49,526846,1970903922.45,TELE
169,CONS169,376.80,9437,733978983.88,CONS
170,CONS170,428.48,250815,2831720881.86,CONS
171,CONS171,1244.25,72953,2968985181.37,CONS
172,CONS172,1750.46,801889,6301398593.67,CONS
173,ENERGY173,2003.31,593409,13135414236.43,ENERGY
174,TECH174,1097.93,27311,8521127456.56,TECH
175,HEALTH175,1841.96,13967,7429785778.37,HEALTH
176,TECH176,1960.37,807089,10704306070.15,TECH
177,HEALTH177,663.70,809823,3674176418.47,HEALTH
178,CONS178,1318.85,958319,7203151009.78,CONS
179,UTIL179,257.40,791839,1964001940.62,UTIL
180,ENERGY180,1624.71,779087,4852859286.10,ENERGY
181,INDUS181,1388.92,233304,13124926139.50,INDUS
182,TELE182,2362.71,828804,8239366424.01,TELE
183,HEALTH183,293.95,181263,1207314757.84,HEALTH
184,FIN184,198.81,714181,1437831266.43,FIN
185,TELE185,1737.90,391859,13878164222.85,TELE
186,ENERGY186,1426.55,248300,10529984445.93,ENERGY
187,TECH187,263.28,290815,776598839.28,TECH
188,MAT188,1631.11,271758,5394049735.58,MAT
189,TELE189,478.81,698769,722406957.35,TELE
190,UTIL190,2254.61,929107,17435681267.79,UTIL
191,INDUS191,1898.11,447531,5349746261.49,INDUS
192,FIN192,2354.77,651189,518012514.13,FIN
193,MAT193,1826.20,295345,757020217.81,MAT
194,FIN194,1487.44,993655,14722641903.55,FIN
195,MAT195,1558.79,22545,12449006276.63,MAT
196,CONS196,1132.88,769760,2061013592.30,CONS
197,UTIL197,494.62,324115,1517942282.53,UTIL
198,MAT198,2403.01,850626,14149119212.34,MAT
199,MAT199,323.15,337565,1246099272.91,MAT
200,UTIL200,167.13,62321,1184517235.72,UTIL
201,ENERGY201,850.10,268512,8175933142.43,ENERGY
202,UTIL202,385.65,30035,2204352305.52,UTIL
203,FIN203,7.24,998504,28215356.36,FIN
204,ENERGY204,2356.84,374545,1570749239.43,ENERGY
205,FIN205,1318.46,80735,4418377028.89,FIN
206,TECH206,2132.99,980793,15902655360.37,TECH
207,TECH207,22.90,378224,69509551.25,TECH
208,INDUS208,897.67,645041,2124302770.63,INDUS
209,CONS209,75.60,934827,694980211.55,CONS
210,ENERGY210,379.55,57958,547870315.56,ENERGY
211,FIN211,1738.07,982489,1330876693.61,FIN
212,TELE212,2283.89,34277,8006636631.32,TELE
213,INDUS213,259.12,132704,600689208.50,INDUS
214,HEALTH214,921.53,827963,5438131997.29,HEALTH
215,MAT215,1752.82,758770,17229008486.64,MAT
216,MAT216,1585.58,293671,10957016193.16,MAT
217,CONS217,947.79,800773,5628646703.21,CONS
218,TELE218,926.64,641261,6591187387.19,TELE
219,CONS219,857.09,690732,5118068531.77,CONS
220,UTIL220,1705.91,164277,2538687186.06,UTIL
221,CONS221,786.09,15892,2187038514.45,CONS
222,TECH222,388.18,485308,2379958849.78,TECH
223,UTIL223,1289.83,591588,8208378820.41,UTIL
224,INDUS224,204.94,213249,1279205302.57,INDUS
225,MAT225,2148.93,347198,18653138690.26,MAT
226,MAT226,1051.96,228955,7507364720.06,MAT
227,HEALTH227,330.30,707847,1546794646.55,HEALTH
228,HEALTH228,17.93,84467,3456829.58,HEALTH
229,CONS229,1403.44,775115,4125613906.71,CONS
230,TECH230,1415.80,251265,5902334422.57,TECH
231,HEALTH231,890.41,396374,6629590656.15,HEALTH
232,INDUS232,1638.24,759020,16033024062.35,INDUS
233,INDUS233,1152.52,589069,6530367945.83,INDUS
234,TECH234,2421.36,129259,1831398789.88,TECH
235,FIN235,815.32,365912,345435835.32,FIN
236,TECH236,1458.27,39721,11931284282.06,TECH
237,MAT237,2456.06,403773,1271794008.99,MAT
238,TECH238,117.68,543419,116130497.84,TECH
239,INDUS239,1953.99,946300,2426718275.10,INDUS
240,TECH240,2373.88,17257,7346077531.51,TECH
241,CONS241,447.46,754174,742826575.44,CONS
242,UTIL242,29.96,304961,146514934.87,UTIL
243,UTIL243,1041.18,671569,3374123170.88,UTIL
244,MAT244,1584.80,572717,11726354081.62,MAT
245,FIN245,1941.74,844229,8890422680.40,FIN
246,TECH246,803.75,905347,448686799.95,TECH
247,TELE247,2133.87,81366,19372603096.02,TELE
248,HEALTH248,710.12,908075,2924266209.64,HEALTH
249,INDUS249,1669.85,889267,15118928471.27,INDUS
250,FIN250,2123.68,989028,8958986536.66,FIN
251,CONS251,2270.12,155211,13689992062.50,CONS
252,INDUS252,1282.99,847951,9854088596.89,INDUS
253,TELE253,2337.86,775690,18479547492.63,TELE
254,CONS254,20.65,38343,126423744.67,CONS
255,INDUS255,1077.22,143185,10423415200.39,INDUS
256,TELE256,1856.93,323159,8028512597.88,TELE
257,UTIL257,491.34,54276,3533137000.17,UTIL
258,UTIL258,1106.63,378326,372616241.32,UTIL
259,INDUS259,488.99,801574,1965624807.75,INDUS
260,FIN260,159.74,630537,1068644389.50,FIN
261,TECH261,1977.15,726155,14090309323.26,TECH
262,FIN262,152.62,184387,1414209768.66,FIN
263,INDUS263,928.20,695992,3939797369.10,INDUS
264,UTIL264,1704.67,368610,6559938625.37,UTIL
265,MAT265,1411.21,55361,678970997.84,MAT
266,TECH266,1790.61,359833,6262466446.74,TECH
267,INDUS267,738.09,61572,385549482.88,INDUS
268,MAT268,1088.45,852790,10110845940.69,MAT
269,CONS269,1211.75,326136,10483498694.79,CONS
270,HEALTH270,2237.98,109656,2906425952.58,HEALTH
271,ENERGY271,634.73,93704,4091142433.52,ENERGY
272,TELE272,1751.11,900686,1824872056.43,TELE
273,UTIL273,2189.98,463052,13653688473.29,UTIL
274,INDUS274,1319.07,552228,5424044098.18,INDUS
275,TELE275,1286.34,454555,1582156035.09,TELE
276,ENERGY276,1057.35,326947,321404923.29,ENERGY
277,INDUS277,920.23,327005,150402925.33,INDUS
278,ENERGY278,2284.28,769408,14205074482.70,ENERGY
279,UTIL279,2008.96,404229,2305737897.86,UTIL
280,FIN280,1204.44,709485,9968057317.68,FIN
281,TELE281,2045.88,448938,8770981260.64,TELE
282,FIN282,2351.80,507316,5095276904.15,FIN
283,TELE283,543.98,356153,279651649.65,TELE
284,UTIL284,2332.91,884920,9730140279.35,UTIL
285,MAT285,408.97,63689,2946628954.66,MAT
286,FIN286,1363.76,472377,2623256837.22,FIN
287,ENERGY287,365.38,291896,466236344.68,ENERGY
288,TECH288,770.91,392472,3067948871.26,TECH
289,UTIL289,2175.68,223884,13268295846.95,UTIL
290,HEALTH290,1318.30,65704,2782810658.63,HEALTH
291,CONS291,1064.35,215505,8172364092.30,CONS
292,ENERGY292,500.59,833098,3813903236.47,ENERGY
293,UTIL293,672.61,276362,2461948603.90,UTIL
294,UTIL294,1761.14,134285,1692631759.15,UTIL
295,ENERGY295,2119.42,992640,19617604289.31,ENERGY
296,MAT296,1365.87,224970,13050510027.25,MAT
297,TELE297,1643.76,411012,7174994162.79,TELE
298,TECH298,1591.07,345173,9517007453.98,TECH
299,INDUS299,896.61,836532,5613656885.18,INDUS
300,MAT300,267.03,428777,2376616954.47,MAT
301,CONS301,2301.57,496531,19727970758.76,CONS
302,HEALTH302,2366.40,152828,20201904657.61,HEALTH
303,HEALTH303,1424.28,796144,10366066996.46,HEALTH
304,HEALTH304,1315.19,97666,1414048003.50,HEALTH
305,INDUS305,2151.48,757202,18011629989.24,INDUS
306,FIN306,210.81,603013,502940711.52,FIN
307,MAT307,1241.00,117437,4119459742.89,MAT
308,CONS308,1052.32,77860,196066743.16,CONS
309,FIN309,2320.56,444740,2800326434.45,FIN
310,UTIL310,1845.77,703438,16092711333.20,UTIL
311,TECH311,1538.19,20170,14976119373.47,TECH
312,INDUS312,498.29,532587,921990427.97,INDUS
313,TELE313,2175.29,823116,19237781730.35,TELE
314,TECH314,1955.24,67409,8957604965.96,TECH
315,HEALTH315,1547.27,792185,3294888430.40,HEALTH
316,ENERGY316,794.08,804959,5693193033.24,ENERGY
317,CONS317,1307.64,314982,6062533641.22,CONS
318,MAT318,1039.50,16230,8253495898.61,MAT
319,CONS319,300.47,566969,1487159312.62,CONS
320,MAT320,2245.06,654284,4832452130.65,MAT
321,HEALTH321,162.10,120072,183691727.37,HEALTH
322,TECH322,1007.50,243892,8135987336.11,TECH
323,TELE323,370.89,575284,3582262496.92,TELE
324,INDUS324,1939.05,214483,17968247948.70,INDUS
325,FIN325,531.03,825786,4816352590.45,FIN
326,INDUS326,359.36,144092,3333349131.66,INDUS
327,INDUS327,1627.18,524010,2613709301.01,INDUS
328,FIN328,353.54,667984,299688728.73,FIN
329,MAT329,1630.16,525874,6521546723.55,MAT
330,MAT330,111.85,756128,466838519.02,MAT
331,TELE331,954.54,85341,7279357921.91,TELE
332,TECH332,2246.36,17585,6398787687.60,TECH
333,CONS333,88.53,721308,134494034.90,CONS
334,UTIL334,45.13,814024,209551726.09,UTIL
335,TECH335,1563.54,742662,14801823869.97,TECH
336,HEALTH336,1997.65,974274,4074746756.91,HEALTH
337,INDUS337,924.81,739764,5455463804.04,INDUS
338,CONS338,258.10,149954,1480084016.57,CONS
339,UTIL339,1613.42,221542,2306089295.93,UTIL
340,HEALTH340,1541.80,721838,9130812037.73,HEALTH
341,ENERGY341,425.47,777023,1898453114.69,ENERGY
342,TELE342,475.08,667307,4571387849.03,TELE
343,UTIL343,436.22,818879,4091544956.29,UTIL
344,TELE344,2129.65,425758,18273877329.00,TELE
345,CONS345,765.16,842427,5238527575.67,CONS
346,TELE346,2113.49,9637,2086438967.92,TELE
347,MAT347,644.74,507601,4749018979.21,MAT
348,UTIL348,772.92,874127,5520230422.70,UTIL
349,MAT349,1658.78,679615,16223253960.49,MAT
350,HEALTH350,165.54,587862,786862561.89,HEALTH
351,ENERGY351,1017.17,461065,3148921148.98,ENERGY
352,CONS352,2347.98,481651,5033932310.65,CONS
353,TECH353,2333.55,592686,3001919988.14,TECH
354,TECH354,1600.94,315891,407074710.75,TECH
355,TECH355,1692.16,651884,16219091891.72,TECH
356,UTIL356,1634.41,822423,3273130403.65,UTIL
357,ENERGY357,1944.80,895078,11818934022.38,ENERGY
358,HEALTH358,271.04,848303,1579307918.26,HEALTH
359,INDUS359,1640.15,596547,13856453625.00,INDUS
360,INDUS360,969.32,584411,4770934406.20,INDUS
361,TELE361,1344.31,406118,9206023585.84,TELE
362,CONS362,246.42,144259,688877926.12,CONS
363,FIN363,1363.87,988967,13108451526.91,FIN
364,TECH364,536.89,197179,2467430206.08,TECH
365,CONS365,517.20,619597,2058369612.61,CONS
366,INDUS366,757.50,942164,4735440523.72,INDUS
367,ENERGY367,1701.87,858061,9387542647.02,ENERGY
368,TECH368,936.92,274641,5120543682.43,TECH
369,UTIL369,1576.52,204982,10735773931.10,UTIL
370,ENERGY370,1089.13,992459,9443978780.16,ENERGY
371,FIN371,103.61,249595,517821882.94,FIN
372,TELE372,1579.68,282204,12320762534.55,TELE
373,MAT373,1472.55,607032,13541360347.70,MAT
374,CONS374,2223.40,88325,8955248715.38,CONS
375,CONS375,5.31,512872,627598.72,CONS
376,UTIL376,2408.51,719265,14244464860.19,UTIL
377,ENERGY377,597.23,546067,1341019912.93,ENERGY
378,TECH378,1639.98,13423,7169299943.41,TECH
379,TELE379,2173.75,320859,12938265923.16,TELE
380,INDUS380,611.61,186260,1952199118.52,INDUS
381,UTIL381,855.93,669549,6474942483.80,UTIL
382,TECH382,709.82,679909,2069520856.01,TECH
383,MAT383,926.03,8218,2934699259.74,MAT
384,FIN384,1886.12,950787,10928904713.79,FIN
385,HEALTH385,98.13,775419,285969879.78,HEALTH
386,FIN386,1838.70,924703,16163208901.40,FIN
387,TECH387,649.60,862572,6445739567.45,TECH
388,UTIL388,852.68,535384,6968971555.28,UTIL
389,MAT389,1937.56,877123,14963026069.21,MAT
390,INDUS390,531.24,885577,4933718177.27,INDUS
391,TELE391,2197.60,925721,17762308129.29,TELE
392,TELE392,2492.37,904568,2846723134.14,TELE
393,INDUS393,1112.85,78391,3660255584.14,INDUS
394,HEALTH394,2225.08,869701,21890163690.32,HEALTH
395,CONS395,1198.69,743597,518305975.16,CONS
396,FIN396,723.48,605212,2053587122.80,FIN
397,MAT397,2253.36,498621,18590692995.77,MAT
398,HEALTH398,18.55,645279,98143066.46,HEALTH
399,TELE399,860.12,306013,3431424432.01,TELE
400,UTIL400,362.75,694939,2755922680.14,UTIL
401,ENERGY401,1690.85,805794,14015335513.80,ENERGY
402,CONS402,357.70,523093,2427556607.01,CONS
403,TELE403,2073.62,693401,12521775605.74,TELE
404,TECH404,579.08,720370,3224068478.20,TECH
405,INDUS405,267.96,629933,1686685812.97,INDUS
406,FIN406,1544.70,151175,1615757435.53,FIN
407,UTIL407,1035.98,549080,6302150954.64,UTIL
408,CONS408,2306.56,375433,21777897009.16,CONS
409,HEALTH409,1819.80,258728,1737864202.58,HEALTH
410,FIN410,2082.77,727538,2713048522.23,FIN
411,UTIL411,1211.17,611386,3025904537.26,UTIL
412,INDUS412,284.16,394506,452717222.13,INDUS
413,INDUS413,168.02,562035,1473100320.53,INDUS
414,HEALTH414,1021.87,991013,2303395613.68,HEALTH
415,MAT415,864.38,657047,3549529540.03,MAT
416,ENERGY416,590.00,443193,2955082159.54,ENERGY
417,MAT417,2379.92,936170,15003272319.20,MAT
418,TELE418,1171.47,198239,7007744568.66,TELE
419,CONS419,694.85,142462,5722798078.94,CONS
420,FIN420,901.79,985810,3603390585.91,FIN
421,CONS421,2301.44,202981,12582988201.18,CONS
422,CONS422,2456.28,294925,22960121685.18,CONS
423,ENERGY423,1091.03,449257,8012681362.26,ENERGY
424,MAT424,874.27,469908,8537996070.95,MAT
425,TELE425,1601.49,366310,11383436176.90,TELE
426,ENERGY426,597.15,662323,2105997040.84,ENERGY
427,ENERGY427,847.21,619939,5238900340.93,ENERGY
428,FIN428,1559.52,865288,13776809947.29,FIN
429,CONS429,1749.66,186174,3199726088.51,CONS
430,HEALTH430,883.63,399190,5258080143.22,HEALTH
431,TELE431,2396.56,481964,13228679754.51,TELE
432,UTIL432,337.85,853629,2342285318.56,UTIL
433,TECH433,1465.57,474161,10347847821.23,TECH
434,FIN434,2212.82,202547,12497809748.77,FIN
435,ENERGY435,1111.99,697236,2070008855.67,ENERGY
436,HEALTH436,1592.58,296411,14748534734.23,HEALTH
437,TELE437,1109.89,260145,8009716396.30,TELE
438,HEALTH438,1243.75,877407,12347342705.56,HEALTH
439,HEALTH439,2036.79,595612,15083996835.60,HEALTH
440,MAT440,812.85,509425,1464670242.18,MAT
441,INDUS441,312.84,825087,2656031508.28,INDUS
442,MAT442,270.92,307499,229355104.32,MAT
443,TELE443,270.28,764051,1687602200.73,TELE
444,TELE444,1001.58,289165,4822854793.46,TELE
445,UTIL445,723.15,535957,5304532368.38,UTIL
446,UTIL446,2468.65,734052,13454398464.47,UTIL
447,FIN447,584.61,17861,1406409860.06,FIN
448,HEALTH448,302.43,86527,875062289.20,HEALTH
449,INDUS449,1336.81,45591,11078519111.69,INDUS
450,HEALTH450,1354.67,654396,7432985406.70,HEALTH
451,TELE451,1733.16,236943,2399748386.55,TELE
452,FIN452,1474.16,413251,11993237550.72,FIN
453,TECH453,30.89,809608,57622640.44,TECH
454,INDUS454,1696.89,894193,7085787512.49,INDUS
455,HEALTH455,1477.83,697741,9776138605.50,HEALTH
456,HEALTH456,1887.74,169481,6082997096.65,HEALTH
457,ENERGY457,54.18,388738,517676839.84,ENERGY
458,UTIL458,1280.45,475184,980029337.62,UTIL
459,UTIL459,827.11,458573,520012851.81,UTIL
460,FIN460,798.13,435754,4883433567.89,FIN
461,TELE461,433.92,401222,1430106731.33,TELE
462,FIN462,1516.25,175941,1588989055.92,FIN
463,UTIL463,2043.34,425237,5602665450.57,UTIL
464,MAT464,101.22,146721,490959757.17,MAT
465,UTIL465,1719.10,957570,15725551402.52,UTIL
466,UTIL466,236.45,937049,2115561744.14,UTIL
467,ENERGY467,2351.62,653560,13212958868.90,ENERGY
468,INDUS468,327.18,82051,1832151750.43,INDUS
469,FIN469,146.68,486456,1431196156.61,FIN
470,HEALTH470,439.14,534839,2588300094.10,HEALTH
471,TELE471,2252.41,65935,16107419816.80,TELE
472,ENERGY472,640.26,344005,1701764390.60,ENERGY
473,UTIL473,201.72,576604,1717645791.18,UTIL
474,FIN474,1906.08,348397,15717527396.36,FIN
475,UTIL475,1316.68,867051,2357239536.07,UTIL
476,TECH476,963.95,829384,8973615651.84,TECH
477,FIN477,117.97,71079,298747135.09,FIN
478,ENERGY478,957.34,963540,8245558051.70,ENERGY
479,UTIL479,1852.67,461287,12293238677.96,UTIL
480,TELE480,619.65,928667,3021865180.54,TELE
481,INDUS481,2127.18,739079,12101165588.06,INDUS
482,CONS482,2119.41,144981,11812772345.93,CONS
483,ENERGY483,1770.81,823418,789539017.94,ENERGY
484,MAT484,94.90,295517,147969208.61,MAT
485,ENERGY485,2315.58,880448,20149910683.98,ENERGY
486,TECH486,863.75,8607,5843755632.65,TECH
487,INDUS487,2351.20,503251,15428081977.28,INDUS
488,UTIL488,2414.29,719796,5626576629.06,UTIL
489,CONS489,277.72,840020,1252449475.51,CONS
490,UTIL490,637.07,68552,214038375.03,UTIL
491,TECH491,1603.19,342638,7417981227.56,TECH
492,FIN492,285.81,95799,1638408628.54,FIN
493,INDUS493,2297.91,648423,1724081912.35,INDUS
494,HEALTH494,1549.36,204495,9140375262.51,HEALTH
495,CONS495,443.91,130212,1961860071.17,CONS
496,INDUS496,633.97,126701,5167192871.31,INDUS
497,UTIL497,1967.94,784926,8389381169.30,UTIL
498,CONS498,1129.54,891660,5758552810.18,CONS
499,TECH499,1511.19,518888,4918534476.95,TECH
500,MAT500,327.62,48416,426377422.81,MAT
501,TELE501,2128.92,360374,8899718037.53,TELE
502,FIN502,2223.17,659365,10962539627.75,FIN
503,TECH503,1104.79,859221,8702134999.16,TECH
504,MAT504,336.09,281169,501038933.00,MAT
505,UTIL505,417.13,46554,483886234.08,UTIL
506,CONS506,1364.39,930021,3712420256.69,CONS
507,TECH507,2472.02,246419,2665479104.10,TECH
508,INDUS508,127.53,207096,969455615.10,INDUS
509,MAT509,30.31,429317,220663438.86,MAT
510,MAT510,961.82,664666,1609528509.38,MAT
511,FIN511,2044.01,546977,7616790566.66,FIN
512,ENERGY512,1208.54,103424,10582446693.27,ENERGY
513,INDUS513,837.29,880222,7242252843.38,INDUS
514,CONS514,790.69,851131,1968736275.03,CONS
515,CONS515,2314.83,321829,9989804433.11,CONS
516,FIN516,897.07,6725,5363239169.34,FIN
517,CONS517,1701.05,147881,14582912829.45,CONS
518,HEALTH518,58.62,53989,97745312.97,HEALTH
519,HEALTH519,1027.03,798158,6016974772.55,HEALTH
520,MAT520,1174.66,564906,1735370513.03,MAT
521,TECH521,2286.38,833443,5496442552.00,TECH
522,MAT522,1243.26,187120,10608794673.94,MAT
523,MAT523,1231.63,965916,5330258695.44,MAT
524,INDUS524,734.95,571203,4231367699.63,INDUS
525,TELE525,658.36,636798,1514437375.25,TELE
526,HEALTH526,1634.03,929378,2146039048.83,HEALTH
527,INDUS527,1821.93,934966,837384085.32,INDUS
528,MAT528,2049.78,215500,4688126423.46,MAT
529,UTIL529,2178.22,797004,5805420049.76,UTIL
530,FIN530,574.20,876407,2749573738.64,FIN
531,FIN531,747.59,877186,4430920591.08,FIN
532,MAT532,685.38,263204,737398046.18,MAT
533,ENERGY533,447.98,164416,858851203.77,ENERGY
534,TECH534,2346.13,980427,16738213592.26,TECH
535,MAT535,295.02,409082,2053882263.12,MAT
536,CONS536,1489.38,411273,10251587415.05,CONS
537,TELE537,1458.65,167286,9996444811.50,TELE
538,TECH538,1311.18,234454,1036164264.20,TECH
539,ENERGY539,653.19,635218,4125891870.83,ENERGY
540,CONS540,264.51,571649,1309799422.69,CONS
541,TECH541,1132.78,480243,8633037512.82,TECH
542,ENERGY542,905.50,341867,8021892326.51,ENERGY
543,TELE543,1939.59,140407,10855759472.32,TELE
544,TECH544,2067.42,328401,16360582266.05,TECH
545,ENERGY545,1636.56,866455,3813966704.11,ENERGY
546,CONS546,2090.18,273860,17514445113.34,CONS
547,MAT547,1307.51,18602,4421799832.63,MAT
548,CONS548,1536.35,458654,12772930454.27,CONS
549,HEALTH549,2484.57,849632,1736597068.35,HEALTH
550,TECH550,1488.59,355901,13886746491.08,TECH
551,MAT551,1410.13,661483,4975172100.02,MAT
552,TELE552,229.88,650438,1525383525.27,TELE
553,INDUS553,298.77,259977,2284112711.95,INDUS
554,UTIL554,730.81,99667,4625596324.24,UTIL
555,HEALTH555,2058.36,669985,19495100851.33,HEALTH
556,INDUS556,2392.73,775601,3517266113.68,INDUS
557,FIN557,247.38,185168,1552894352.98,FIN
558,TELE558,2413.11,338289,9033566662.01,TELE
559,INDUS559,28.84,960142,224805840.38,INDUS
560,TELE560,2047.87,872690,9072578474.81,TELE
561,FIN561,1954.15,836350,13569852245.83,FIN
562,INDUS562,2339.06,800735,8421686823.22,INDUS
563,HEALTH563,191.76,992064,204504457.51,HEALTH
564,CONS564,2431.00,195059,21764438856.57,CONS
565,CONS565,1548.55,725800,3500590694.52,CONS
566,HEALTH566,92.38,680246,191275373.60,HEALTH
567,HEALTH567,2328.45,574691,20311997775.12,HEALTH
568,INDUS568,2342.40,666073,15195175714.64,INDUS
569,MAT569,1174.47,678283,7185876272.14,MAT
570,HEALTH570,1020.97,986780,2518676703.04,HEALTH
571,CONS571,1394.30,930690,6489247556.47,CONS
572,TECH572,1562.93,433438,11324605991.16,TECH
573,INDUS573,1524.58,708333,11255569180.65,INDUS
574,ENERGY574,1047.79,955657,6504726222.20,ENERGY
575,TELE575,1524.56,299749,12134600722.82,TELE
576,CONS576,482.88,758165,2853321722.85,CONS
577,CONS577,2053.44,570511,17047474045.07,CONS
578,INDUS578,1946.22,698683,13906167394.04,INDUS
579,INDUS579,2288.07,496678,17868927662.10,INDUS
580,INDUS580,1907.83,370749,17246849509.60,INDUS
581,TELE581,2288.66,620679,9980227558.68,TELE
582,CONS582,1965.91,569812,5176283756.74,CONS
583,UTIL583,1842.53,644484,13210342134.49,UTIL
584,HEALTH584,995.11,487580,2960654975.51,HEALTH
585,CONS585,314.76,784826,2731688670.35,CONS
586,TELE586,2352.55,910982,21121613773.98,TELE
587,FIN587,274.08,231370,352103822.18,FIN
588,TECH588,378.89,355590,476207853.64,TECH
589,HEALTH589,1030.09,736191,5275277577.20,HEALTH
590,CONS590,1672.49,537255,4192134398.29,CONS
591,CONS591,622.84,833936,4829370216.45,CONS
592,MAT592,1665.66,550435,10461338319.29,MAT
593,MAT593,905.70,693624,3083577830.71,MAT
594,CONS594,2035.72,242959,987599436.23,CONS
595,CONS595,1345.65,775559,6221076626.42,CONS
596,CONS596,2422.12,764123,23273895937.20,CONS
597,UTIL597,152.63,927915,607085936.71,UTIL
598,ENERGY598,160.83,153611,27435842.81,ENERGY
599,INDUS599,1720.38,174067,10165687903.50,INDUS
600,ENERGY600,1508.91,240334,13405307475.19,ENERGY
601,TELE601,764.71,449285,1267321836.03,TELE
602,TECH602,2055.24,225156,2953388746.08,TECH
603,ENERGY603,2169.02,491633,1895305300.85,ENERGY
604,TECH604,2004.24,991884,14076122341.41,TECH
605,MAT605,2424.25,340135,3893448271.74,MAT
606,MAT606,191.78,434137,79543308.37,MAT
607,MAT607,6.81,358416,15058009.03,MAT
608,ENERGY608,900.24,522653,7120010416.20,ENERGY
609,UTIL609,14.32,208793,29411857.88,UTIL
610,MAT610,1448.48,33597,5886144569.01,MAT
611,UTIL611,1109.09,831669,291884925.71,UTIL
612,HEALTH612,982.23,180326,2448554502.19,HEALTH
613,CONS613,2414.93,416963,23182394642.18,CONS
614,INDUS614,1985.97,18678,13658727219.37,INDUS
615,CONS615,1206.04,403263,1448241076.42,CONS
616,FIN616,1004.08,344528,9019026754.43,FIN
617,ENERGY617,1134.68,344811,4789361538.31,ENERGY
618,ENERGY618,1114.29,529876,9542766001.52,ENERGY
619,TECH619,1988.39,685874,16183239634.35,TECH
620,ENERGY620,889.93,184326,6505547181.41,ENERGY
621,TELE621,2381.86,829889,3220526290.76,TELE
622,ENERGY622,897.13,501242,6204767359.02,ENERGY
623,HEALTH623,386.58,387720,523596915.66,HEALTH
624,TECH624,2113.80,825011,5584348000.84,TECH
625,INDUS625,1443.05,521519,8009633717.71,INDUS
626,HEALTH626,1643.50,311683,2496786167.63,HEALTH
627,INDUS627,1132.55,840306,1399610291.92,INDUS
628,INDUS628,924.78,942350,2613934156.18,INDUS
629,ENERGY629,1352.45,670301,1423154445.34,ENERGY
630,MAT630,1807.24,942228,7361326599.48,MAT
631,FIN631,70.05,896918,652015988.68,FIN
632,ENERGY632,571.51,199643,4845753267.67,ENERGY
633,HEALTH633,2295.99,651106,5543184862.03,HEALTH
634,MAT634,110.55,545337,945059633.95,MAT
635,INDUS635,360.89,963609,1537262229.71,INDUS
636,TECH636,765.96,132406,3235288317.86,TECH
637,HEALTH637,2410.67,414661,17377586343.23,HEALTH
638,UTIL638,2420.78,731399,1042047508.70,UTIL
639,FIN639,1303.28,225635,10016790597.04,FIN
640,ENERGY640,1530.05,660630,9399960498.90,ENERGY
641,FIN641,1437.93,621490,441546015.20,FIN
642,INDUS642,2294.78,225741,413817621.71,INDUS
643,HEALTH643,1355.30,491794,2204695596.17,HEALTH
644,CONS644,474.15,98588,2767578301.41,CONS
645,TECH645,820.50,543520,213964415.29,TECH
646,TECH646,195.86,472351,20826546.25,TECH
647,UTIL647,2071.92,277488,5466184619.81,UTIL
648,INDUS648,156.39,523830,104630561.94,INDUS
649,UTIL649,2443.51,561656,20147645128.28,UTIL
650,FIN650,1610.88,205401,3794280216.11,FIN
651,HEALTH651,2200.53,694382,10710852372.29,HEALTH
652,TELE652,2132.19,940445,13370304066.33,TELE
653,MAT653,1427.51,623593,7518479172.39,MAT
654,FIN654,24.82,385276,80491215.97,FIN
655,TECH655,381.29,563187,2437946921.84,TECH
656,INDUS656,1426.06,986975,2856252084.92,INDUS
657,HEALTH657,275.38,356047,1347807744.25,HEALTH
658,CONS658,1160.22,45464,4277815471.04,CONS
659,HEALTH659,303.54,25463,2626045964.59,HEALTH
660,TECH660,1680.57,582976,11991577585.69,TECH
661,UTIL661,999.89,310050,2727815710.22,UTIL
662,TELE662,1445.92,746942,6315810494.95,TELE
663,CONS663,1340.21,491536,3955362380.75,CONS
664,FIN664,1815.79,356668,15068602413.45,FIN
665,MAT665,1469.59,314075,11399735324.45,MAT
666,CONS666,1709.33,495392,8150095147.41,CONS
667,CONS667,2178.93,475854,21363344714.61,CONS
668,HEALTH668,1907.02,447337,8485494754.22,HEALTH
669,UTIL669,1420.00,968699,8359635014.22,UTIL
670,MAT670,180.92,321422,1524729724.35,MAT
671,TELE671,1291.16,479331,8609453887.31,TELE
672,MAT672,1353.14,430013,11134426073.71,MAT
673,FIN673,2187.77,290301,14857340661.46,FIN
674,FIN674,2442.58,658168,6314082203.53,FIN
675,HEALTH675,2326.93,397195,17399850270.07,HEALTH
676,INDUS676,1619.91,856980,4444938612.92,INDUS
677,UTIL677,1399.79,247242,6042083942.71,UTIL
678,INDUS678,1945.98,938875,11405540946.34,INDUS
679,MAT679,2164.86,982073,5828391067.38,MAT
680,HEALTH680,230.27,971251,179145621.65,HEALTH
681,HEALTH681,1287.44,243412,522585481.65,HEALTH
682,ENERGY682,1448.81,803626,10564014739.42,ENERGY
683,UTIL683,269.24,29779,208661553.37,UTIL
684,HEALTH684,1111.24,556014,5187846260.95,HEALTH
685,HEALTH685,1760.24,719490,6141034887.35,HEALTH
686,ENERGY686,1604.69,95754,421026214.64,ENERGY
687,INDUS687,1389.59,21612,8196212965.65,INDUS
688,CONS688,2151.48,161009,17781919016.47,CONS
689,TELE689,2296.30,274467,4447856726.91,TELE
690,FIN690,1061.28,969841,8093197576.37,FIN
691,CONS691,2497.29,533448,21828368976.34,CONS
692,FIN692,716.88,759623,4338837530.96,FIN
693,TELE693,489.88,850374,4760189690.75,TELE
694,CONS694,2473.23,743692,4793890316.92,CONS
695,FIN695,1064.94,52598,2935091108.31,FIN
696,ENERGY696,2348.63,975509,9154431184.33,ENERGY
697,INDUS697,1840.75,82431,9742571871.77,INDUS
698,MAT698,2111.14,773644,11877426252.67,MAT
699,ENERGY699,1331.08,644142,10370342089.98,ENERGY
700,HEALTH700,2118.20,572593,20964154670.88,HEALTH
701,FIN701,775.89,85757,4728650267.44,FIN
702,UTIL702,2322.63,597116,13677255156.79,UTIL
703,MAT703,486.75,264330,1876379743.06,MAT
704,TELE704,1326.83,620116,159356150.11,TELE
705,CONS705,520.09,126271,3897352254.24,CONS
706,FIN706,697.63,618001,5759954083.84,FIN
707,INDUS707,755.45,538962,2157312769.22,INDUS
708,HEALTH708,1302.23,116513,5494500927.10,HEALTH
709,ENERGY709,898.86,612717,3262804058.67,ENERGY
710,HEALTH710,757.39,549622,2136749303.29,HEALTH
711,ENERGY711,338.93,80808,2242891418.18,ENERGY
712,TELE712,1403.31,507825,9319039909.09,TELE
713,TELE713,645.28,533139,817057663.03,TELE
714,INDUS714,1382.79,354498,12746498540.31,INDUS
715,MAT715,734.25,914107,6741073582.88,MAT
716,INDUS716,80.26,396029,131724724.18,INDUS
717,HEALTH717,1352.58,262658,2171423248.52,HEALTH
718,MAT718,658.35,989432,4526170891.58,MAT
719,CONS719,459.66,745456,1144998064.46,CONS
720,ENERGY720,1396.38,824423,3694529620.39,ENERGY
721,CONS721,718.75,307471,3443921535.57,CONS
722,MAT722,1844.75,222619,5433365685.20,MAT
723,HEALTH723,211.04,838954,1077880603.71,HEALTH
724,UTIL724,78.08,384541,618531007.80,UTIL
725,UTIL725,2295.22,610590,12670453582.01,UTIL
726,INDUS726,1125.49,987212,4823342786.65,INDUS
727,CONS727,673.14,821539,6339228861.55,CONS
728,INDUS728,818.18,112730,6311399583.68,INDUS
729,MAT729,1836.64,993215,10737469327.17,MAT
730,TECH730,541.56,148561,3051583455.70,TECH
731,ENERGY731,1058.12,248979,7946868859.16,ENERGY
732,FIN732,1210.19,821930,3152081193.53,FIN
733,HEALTH733,500.54,641815,1232740742.68,HEALTH
734,UTIL734,1063.25,242140,3780733136.16,UTIL
735,MAT735,984.36,694358,915478139.74,MAT
736,UTIL736,1039.62,444969,1489856391.39,UTIL
737,TECH737,1354.92,841179,3490202539.83,TECH
738,HEALTH738,1507.32,326588,2160094604.96,HEALTH
739,ENERGY739,14.00,339180,88067393.94,ENERGY
740,FIN740,1244.64,348377,11494372357.00,FIN
741,FIN741,2115.10,251750,3038862781.44,FIN
742,ENERGY742,1317.12,943484,11453494338.54,ENERGY
743,UTIL743,847.98,428464,7528112996.01,UTIL
744,TECH744,2018.63,298974,2791511194.07,TECH
745,INDUS745,1402.41,125722,6563914845.44,INDUS
746,UTIL746,998.97,144678,3071455133.06,UTIL
747,CONS747,736.92,626314,2553018750.96,CONS
748,TECH748,1419.76,257352,8144801506.89,TECH
749,FIN749,826.92,764515,7934406068.94,FIN
750,ENERGY750,1410.97,663538,7101269619.21,ENERGY
751,TECH751,2273.25,481673,288532393.67,TECH
752,FIN752,1888.72,154508,2724920530.41,FIN
753,MAT753,2051.49,888416,4594041314.52,MAT
754,FIN754,1909.84,791513,10846572935.54,FIN
755,ENERGY755,1324.88,462425,5624961860.62,ENERGY
756,TECH756,319.84,659742,1199893597.99,TECH
757,UTIL757,2470.40,329620,3176132551.61,UTIL
758,ENERGY758,2013.72,705761,6318457730.77,ENERGY
759,UTIL759,770.17,113499,6631608391.82,UTIL
760,FIN760,518.14,736359,3401431708.99,FIN
761,ENERGY761,730.54,854234,6424034361.29,ENERGY
762,UTIL762,1591.44,664580,7153212277.12,UTIL
763,TELE763,935.37,376658,5682173987.07,TELE
764,MAT764,1656.90,818311,6219924409.65,MAT
765,TELE765,144.11,631469,1162269513.53,TELE
766,MAT766,1373.40,149633,8912466183.99,MAT
767,ENERGY767,1377.73,337875,4318053073.63,ENERGY
768,FIN768,2041.99,492879,3484584879.31,FIN
769,INDUS769,1142.52,899726,8731269868.03,INDUS
770,TELE770,1246.15,817398,11927771330.27,TELE
771,CONS771,625.11,670404,5571951396.85,CONS
772,HEALTH772,1582.69,810758,15742413602.07,HEALTH
773,ENERGY773,2234.57,887719,6362879188.27,ENERGY
774,FIN774,419.19,178016,4144724466.59,FIN
775,FIN775,2187.98,544318,21034763703.09,FIN
776,UTIL776,349.00,578437,2937260631.76,UTIL
777,CONS777,1429.48,415589,399640381.31,CONS
778,CONS778,1152.09,787345,5741929335.25,CONS
779,TELE779,217.42,691182,1354230954.26,TELE
780,CONS780,2176.17,433089,17137686492.32,CONS
781,TECH781,898.16,42587,4394675884.10,TECH
782,MAT782,2259.81,649516,13083087132.14,MAT
783,UTIL783,1674.97,868717,11622322210.18,UTIL
784,TECH784,402.20,112124,2738917568.13,TECH
785,TECH785,2354.99,146274,16015065385.09,TECH
786,TELE786,6.27,643696,44998079.84,TELE
787,MAT787,122.17,401336,960278335.13,MAT
788,UTIL788,459.29,459032,2612169265.12,UTIL
789,CONS789,1331.84,323213,9026223324.32,CONS
790,ENERGY790,2207.72,365078,20807917129.28,ENERGY
791,INDUS791,2070.25,164011,10072044832.79,INDUS
792,HEALTH792,143.57,745753,1071639733.85,HEALTH
793,UTIL793,2364.55,198282,10773729033.88,UTIL
794,CONS794,1538.99,32576,2389045232.20,CONS
795,HEALTH795,2084.83,190511,2223914461.85,HEALTH
796,TECH796,936.25,129749,2155512134.30,TECH
797,ENERGY797,1884.96,46292,2777646973.99,ENERGY
798,UTIL798,1759.62,666969,10451651679.97,UTIL
799,FIN799,891.56,13643,3297415842.68,FIN
800,MAT800,1635.83,476378,14618327634.64,MAT
801,CONS801,1978.01,488235,10136720446.19,CONS
802,HEALTH802,2150.90,286314,4481274464.25,HEALTH
803,MAT803,758.06,482096,4799957940.38,MAT
804,TECH804,19.86,524116,127716875.28,TECH
805,TELE805,2464.57,957805,2955164532.92,TELE
806,MAT806,1948.67,816120,6935107719.89,MAT
807,CONS807,1698.73,411988,8854003678.24,CONS
808,HEALTH808,2101.40,738986,18757791548.92,HEALTH
809,INDUS809,518.57,712567,4274648348.24,INDUS
810,HEALTH810,1929.26,942439,3451527094.62,HEALTH
811,INDUS811,1206.13,921129,6074489978.51,INDUS
812,HEALTH812,1981.85,232516,14819008338.01,HEALTH
813,CONS813,215.94,666629,685889971.36,CONS
814,CONS814,127.77,755058,1254408649.94,CONS
815,CONS815,985.35,415247,748386387.06,CONS
816,INDUS816,2192.77,404275,6082157261.39,INDUS
817,TELE817,854.06,367648,6080661900.71,TELE
818,FIN818,1007.10,335946,8248962663.78,FIN
819,TELE819,1338.43,28117,3923264240.98,TELE
820,MAT820,1638.36,811564,4036191106.29,MAT
821,HEALTH821,1127.20,552382,10552035090.82,HEALTH
822,MAT822,7.01,364601,12394796.83,MAT
823,INDUS823,256.94,704422,1617220882.84,INDUS
824,CONS824,891.06,8074,675527637.41,CONS
825,HEALTH825,403.58,886555,2933275159.14,HEALTH
826,MAT826,762.09,296402,3341060262.15,MAT
827,CONS827,2105.09,831902,7359297652.43,CONS
828,UTIL828,371.19,752663,1888245925.31,UTIL
829,FIN829,2178.27,139654,4076857647.68,FIN
830,UTIL830,45.69,954574,378760669.47,UTIL
831,CONS831,1495.57,938796,6527548373.07,CONS
832,CONS832,824.81,28295,4442848571.29,CONS
833,MAT833,1321.40,342671,12478128024.24,MAT
834,HEALTH834,262.97,508325,1350884970.53,HEALTH
835,TECH835,478.61,110826,3502389333.66,TECH
836,TELE836,310.31,914561,1545763517.15,TELE
837,TELE837,288.91,378701,621169593.67,TELE
838,TELE838,2286.40,758726,20966631130.75,TELE
839,FIN839,2202.60,951504,20834685340.98,FIN
840,TELE840,2474.55,538370,2309274637.93,TELE
841,TECH841,2444.33,403645,21336879833.81,TECH
842,TECH842,2377.78,43469,893656184.08,TECH
843,TECH843,2446.59,437320,841610699.54,TECH
844,HEALTH844,653.95,954686,3644351382.84,HEALTH
845,CONS845,2338.98,561061,10582876608.14,CONS
846,ENERGY846,479.40,364896,4757795893.86,ENERGY
847,TECH847,970.28,625236,8772495848.47,TECH
848,MAT848,319.94,680614,1407533757.08,MAT
849,HEALTH849,2254.73,780087,13256596918.54,HEALTH
850,FIN850,1302.45,610630,5225924544.55,FIN
851,MAT851,1181.13,68698,4935933562.46,MAT
852,INDUS852,778.00,863609,302373282.13,INDUS
853,MAT853,1920.99,605961,13623950316.85,MAT
854,TELE854,2201.18,607484,12818633091.60,TELE
855,HEALTH855,969.40,775840,3985490382.02,HEALTH
856,CONS856,1210.53,494160,304740400.43,CONS
857,FIN857,1257.89,358338,5244433439.23,FIN
858,ENERGY858,1073.39,847997,6919426114.88,ENERGY
859,TECH859,926.74,871962,2066069953.38,TECH
860,ENERGY860,1778.35,460530,10242964343.48,ENERGY
861,CONS861,645.43,39992,1365082963.70,CONS
862,TECH862,450.18,745501,1919595187.09,TECH
863,ENERGY863,1763.61,967977,12759188391.01,ENERGY
864,ENERGY864,228.48,541848,944588588.24,ENERGY
865,ENERGY865,985.71,523581,7761046930.98,ENERGY
866,TECH866,1020.38,323906,1608347065.57,TECH
867,TECH867,1018.43,43511,8343373865.30,TECH
868,UTIL868,1376.29,998374,11782312546.22,UTIL
869,UTIL869,523.41,270057,2531344992.50,UTIL
870,TECH870,2271.74,690728,21173836938.42,TECH
871,ENERGY871,1967.60,833630,10059754077.03,ENERGY
872,CONS872,1401.87,219199,622811017.47,CONS
873,TECH873,427.39,759626,2372731731.82,TECH
874,MAT874,749.43,142454,347492477.43,MAT
875,TECH875,577.58,831887,5501621696.03,TECH
876,INDUS876,1689.73,94051,6624749716.60,INDUS
877,MAT877,653.95,377414,1763656051.99,MAT
878,MAT878,1811.89,220290,10896491756.73,MAT
879,FIN879,1644.23,233430,7707507296.14,FIN
880,FIN880,940.39,882047,306545310.28,FIN
881,HEALTH881,1527.97,499458,5296098381.96,HEALTH
882,TELE882,2466.64,413349,2741873717.02,TELE
883,TECH883,1418.12,32580,7328733672.81,TECH
884,UTIL884,420.54,777777,3257858388.47,UTIL
885,UTIL885,1934.30,455468,6922083176.77,UTIL
886,CONS886,1127.01,782485,7096978850.19,CONS
887,HEALTH887,1271.76,465461,7869159683.19,HEALTH
888,FIN888,416.21,397070,3288959680.75,FIN
889,UTIL889,1091.86,469202,313776579.09,UTIL
890,TECH890,1700.79,231397,4825277919.77,TECH
891,TECH891,1375.58,41993,6412567399.55,TECH
892,MAT892,656.82,338418,5479992511.07,MAT
893,ENERGY893,6.81,128238,17681909.09,ENERGY
894,TECH894,752.78,935290,6844620416.33,TECH
895,TELE895,1190.34,104982,5520700688.51,TELE
896,MAT896,177.33,380523,675609095.59,MAT
897,HEALTH897,1710.62,418722,5038463388.77,HEALTH
898,MAT898,1371.91,286389,10021161972.53,MAT
899,TELE899,311.73,941715,2601535372.55,TELE
900,MAT900,742.45,916002,537231185.01,MAT
901,INDUS901,1509.13,210199,1464902173.31,INDUS
902,UTIL902,2061.05,690616,9016102664.37,UTIL
903,FIN903,1677.49,448712,8652470849.85,FIN
904,CONS904,832.41,52846,2940005717.89,CONS
905,TECH905,2137.73,777819,14685046557.31,TECH
906,CONS906,1498.87,368735,4163369040.40,CONS
907,INDUS907,1616.90,115802,13679960063.66,INDUS
908,UTIL908,450.65,198295,411085585.35,UTIL
909,FIN909,2366.52,435790,22018267415.49,FIN
910,TELE910,778.54,13091,4601253871.27,TELE
911,UTIL911,1679.75,522747,5951516591.77,UTIL
912,ENERGY912,1011.40,972868,5465624899.03,ENERGY
913,UTIL913,2307.59,111862,12262147360.21,UTIL
914,FIN914,2051.28,443190,2785675638.00,FIN
915,INDUS915,396.94,927710,1005006524.34,INDUS
916,TECH916,1077.87,513033,2657880424.22,TECH
917,UTIL917,1090.91,725705,4452929607.82,UTIL
918,ENERGY918,115.02,599110,250394764.04,ENERGY
919,CONS919,1228.23,289530,3354769281.25,CONS
920,ENERGY920,2424.34,951248,8616946160.68,ENERGY
921,INDUS921,501.35,633040,1103135474.32,INDUS
922,TELE922,150.59,653023,96043388.05,TELE
923,TELE923,701.16,136493,3417702617.82,TELE
924,TELE924,2114.55,172683,16036242381.93,TELE
925,FIN925,800.41,624765,4260217205.16,FIN
926,TECH926,716.80,776633,3491738659.40,TECH
927,INDUS927,1243.01,946424,8913461582.48,INDUS
928,INDUS928,1761.69,313092,16990667097.18,INDUS
929,INDUS929,2338.04,994649,14184765855.91,INDUS
930,UTIL930,1088.07,437295,6483339730.52,UTIL
931,MAT931,716.07,179926,2553785707.02,MAT
932,ENERGY932,646.91,525954,1942783686.35,ENERGY
933,UTIL933,571.36,340263,438650628.00,UTIL
934,CONS934,1821.20,367856,736825207.87,CONS
935,CONS935,793.67,439374,2604685785.59,CONS
936,ENERGY936,430.42,262707,4219538735.20,ENERGY
937,FIN937,99.79,150867,124201699.31,FIN
938,MAT938,1953.04,440270,16055887003.26,MAT
939,FIN939,382.19,615496,3554521959.90,FIN
940,ENERGY940,1836.17,136765,10143261615.12,ENERGY
941,FIN941,1346.35,767858,9019426435.81,FIN
942,TECH942,1697.01,851183,12752939567.12,TECH
943,UTIL943,2311.29,749495,2258924114.76,UTIL
944,MAT944,2013.25,383378,5913371016.20,MAT
945,UTIL945,342.18,332793,618035172.87,UTIL
946,UTIL946,1174.73,723706,6154034018.42,UTIL
947,INDUS947,1238.66,619290,5113147027.17,INDUS
948,CONS948,2454.48,448866,14467088527.46,CONS
949,ENERGY949,2474.37,713144,2284920916.84,ENERGY
950,TELE950,186.90,438532,1677825081.43,TELE
951,CONS951,290.66,81833,2005763558.77,CONS
952,MAT952,454.65,774696,4197213212.74,MAT
953,INDUS953,109.43,833033,91542898.17,INDUS
954,TECH954,878.36,995152,1155843909.97,TECH
955,MAT955,162.42,716636,379094712.74,MAT
956,ENERGY956,926.47,712137,7475924687.46,ENERGY
957,ENERGY957,2386.11,579057,8158193541.03,ENERGY
958,TELE958,192.01,381712,1358995562.87,TELE
959,UTIL959,1020.42,867050,6517917052.11,UTIL
960,ENERGY960,2091.78,196719,18769218545.41,ENERGY
961,FIN961,474.13,617265,4102871660.79,FIN
962,UTIL962,741.63,620233,960934996.65,UTIL
963,INDUS963,934.89,817411,6478421726.42,INDUS
964,HEALTH964,866.34,544029,4854052008.38,HEALTH
965,CONS965,1314.40,24561,12927921562.36,CONS
966,MAT966,1469.61,313732,6230415193.15,MAT
967,TELE967,565.03,51107,1411961857.26,TELE
968,FIN968,780.86,586756,6352185388.60,FIN
969,ENERGY969,257.26,647930,1923923802.99,ENERGY
970,HEALTH970,396.59,694392,653879266.19,HEALTH
971,ENERGY971,2251.91,872074,7378079050.98,ENERGY
972,TECH972,2439.09,918251,12792081043.26,TECH
973,UTIL973,2444.92,946839,7083867839.60,UTIL
974,MAT974,559.03,237860,3558622530.62,MAT
975,CONS975,112.18,581044,666112744.24,CONS
976,CONS976,184.08,552163,1266653827.08,CONS
977,MAT977,989.65,379686,120685765.97,MAT
978,TECH978,294.95,786449,2045558664.39,TECH
979,FIN979,179.91,331346,897542039.66,FIN
980,TELE980,1502.99,514217,7788611859.56,TELE
981,TELE981,1782.94,391472,7922984301.43,TELE
982,ENERGY982,1722.90,716012,946173941.48,ENERGY
983,TELE983,2411.08,333163,4561983475.71,TELE
984,UTIL984,2042.05,249445,19344351195.28,UTIL
985,INDUS985,322.25,589314,2958589823.10,INDUS
986,TELE986,1663.87,396449,8940350512.89,TELE
987,FIN987,2148.67,572202,13418411391.07,FIN
988,ENERGY988,2421.62,995761,11254514418.21,ENERGY
989,FIN989,321.17,149655,1389220618.72,FIN
990,CONS990,528.18,418780,2027520428.76,CONS
991,CONS991,2430.44,908613,18857747595.82,CONS
992,HEALTH992,1553.55,474140,13211163834.67,HEALTH
993,ENERGY993,1024.62,285957,5240035802.99,ENERGY
994,UTIL994,626.60,101818,3974677852.15,UTIL
995,MAT995,267.95,97679,2177239641.79,MAT
996,UTIL996,2017.33,511165,6910752048.53,UTIL
997,HEALTH997,433.19,399048,754896861.99,HEALTH
998,UTIL998,1435.51,662749,12499668016.95,UTIL
999,INDUS999,1906.37,213290,5656529147.59,INDUS
1000,TELE1000,2098.98,385155,9953587455.25,TELE
